id,problem,expected_answer,generated_answer,difficulty,generation_time,accuracy,exact_match,rouge_score,bleu_score,step_accuracy,openai_score,openai_score_text
college_2,"Find the eigenvalues of matrix [[2, 1], [1, 2]]",Answer will be calculated,"生成失败: CUDA error: device-side assert triggered
CUDA kernel errors might be asynchronously reported at some other API call, so the stacktrace below might be incorrect.
For debugging consider passing CUDA_LAUNCH_BLOCKING=1
Compile with `TORCH_USE_CUDA_DSA` to enable device-side assertions.
",college,4.5326855182647705,0.08333333333333333,0.0,0.25,0.25,0.0,50.0,OpenAI评分未启用
college_1,Calculate the integral of ∫(2x + 1)dx,Answer will be calculated,"生成失败: CUDA error: device-side assert triggered
CUDA kernel errors might be asynchronously reported at some other API call, so the stacktrace below might be incorrect.
For debugging consider passing CUDA_LAUNCH_BLOCKING=1
Compile with `TORCH_USE_CUDA_DSA` to enable device-side assertions.
",college,0.0013039112091064453,0.08333333333333333,0.0,0.25,0.25,0.0,50.0,OpenAI评分未启用
